,"debt ceiling negotiators make progress on spending, but still have 'major issues'",morgan stanley upgrades this  mining stock that can surge more than 20%,"ai is the latest buzzword in techbut before investing, know these 4 terms","ford's ev charging deal with tesla puts pressure on gm, other rival automakers",marvell shares soar 25% after the chip firm beats on top and bottom line results,"jpmorgan chase cut about 500 jobs this week, including technology and operations roles",dow jumps 300 points as wall street grows hopeful that a debt ceiling deal can be reached,nvidia shares jumped 25% this week  and got cheaper. here's how that happens,disney rips desantis bid to disqualify judge in free speech lawsuit,is there a 'right' age for kids to be on social media? here's what an expert says,investors shifted into these gold and small-cap etfs this week,vesting means it can take up to 6 years for workers to own their 401(k) match,a.i. excitement leads to a winning week for nvidia and other tech stocks,"despite all odds, consumers are still traveling this summer. how to play it",taylor swift to metallica: top 10 most in-demand artists of summer,companies are learning gen z isnt the easiest generation to work with,"club name ford teams up with tesla, sending shares soaring",paramount shares pop after bdt capital bets on the media giant's key shareholder,biden interior advances renewable energy transmission projects in nevada,"needham says this stock plays the 'almost perfect marriage' between a.i., crypto","30-year-old billionaire started with a website, sewing kit and pizza hut salary",why the pause on student loan payments has been a win for public servants,house passes bill blocking student debt forgivenesswhat borrowers need to know,jpmorgan ceo jamie dimon faces deposition in jeffrey epstein lawsuits,how virtual layoffs became the new normal for workplaces,bofa hits spacecraft builder terran orbital with rare double downgrade,heres why it might be time to buy longer-term bonds now,"jpmorgan chase cut about 500 jobs this week, including tech and operations roles",how this cmo got comfortable embracing his asian identity at work,facebook-giphy sale shows how fear of regulators is slowing m&a market,apple and nvidia are in my top 5 holdings. am i still diversified enough?,"stocks making the biggest moves midday: ford, marvell technology, gap and more","companies add, expand tuition assistance so workers can go back to college"
"stocks rally friday on hopes for a debt ceiling deal, nasdaq notches fifth straight week of wins",,,,,,,,,,,,,,,,,,,,,,,,,,,,,,,,,
"treasury says it could run out of money june 5, buying time for debt ceiling talks",next week hints at only short-lived debt deal relief as jobs report looms,"the tech trade is back, driven by a.i. craze and prospect of slowing fed hikes","the tech trade is back, driven by a.i. craze and prospect of a less aggressive fed","treasury now says it could run out of money june 5, buying time for debt ceiling talks",marvell shares soar 32% after the chip firm beats on top and bottom line results,,,,,,,,,,,,,,,,,,,,,,,,,,,,
top 10 cheapest places in the u.s. to buy a beach house,3 investing tips as the federal debt ceiling 'x-date' approaches,"lower-income consumers pay for wealthy's credit card rewards, some economists say",analysts are pounding the table for these must-own stocks ahead of summer,how janie deegan built janie's life-changing baked goods,chip stocks amd and nvidia are among the most overbought stocks on wall street,why commercial real estate firms are joining to recruit black student-athletes,how mastercard has outperformed visa,biden says he's 'very optimistic' about a debt ceiling deal,mark cuban calls elon musks twitter algorithm unfairhere's how he'd fix it,steve adcock: the 3 'stupidest' myths i've heard about early retirement,marvell technology shares surge after earnings beat. here's how to play it,microsoft keyboard users are devastated after discontinuation of accessories,japan stocks are on fire this year. why the rally could have 'staying power',,,,,,,,,,,,,,,,,,,,
"with emergency savings down and credit card balances up, these 3 steps may help","home price declines may be over, s&p case-shiller says","stocks making the biggest premarket moves: chargepoint, ford, nvidia and more","rbc raises year-end stock market forecast, sees buying opportunity in small caps","two club stocks get wall street upgrades, sending shares higher","china's disappointing rebound could bring in more stimulus, economists say",roth sees more than 20% upside for boston beer heading into summer,nvidia hits $1 trillion market cap,tesla shares rise as elon musk meets with china's foreign minister,debt ceiling bill faces a tough path in the house as gop opposition grows,memorial day air travel tops 2019 levels as consumers shell out for trips,debt ceiling deal would push student loan borrowers into repayment by fall,treasury yields stumble as investors anticipate debt ceiling deal vote,"cnbc daily open: next stop, congress",chart analysts see market correction coming after brief debt deal euphoria,"jefferies upgrades ford motor, says auto giant's stock can rally more than 30%","tuesday's biggest analyst calls: nvidia, tesla, ford, wayfair, coinbase, disney",we are trimming a couple of our tech stocks that have been riding the wave of ai,"chatgpt cited ""bogus"" cases for a new york federal court filing",theranos founder elizabeth holmes set to report to prison tuesday,cathie wood's ark invest misses out on nvidia's powerful rally,35-year-old who makes over $5k/month in passive income on her best career advice,bofa says this 'best-in-class' electric vehicle charging stock could surge 65%,"tylenol parent kenvue can capitalize on consumer self-care trends, jpmorgan says",drone attack hits moscow buildings; kyiv endures third russian bombardment in 24 hours,5 things to know before the stock market opens tuesday,atlantic equities says coinbase is the 'best expression of crypto',bitcoin rises as investors await vote on tentative debt ceiling agreement,stablecoin giant tether to mine bitcoin in uruguay using renewable energy,jim cramer's top 10 things to watch in the stock market tuesday,,,,
bernstein gives an under-the-radar way to play the transition to clean energy,damar hamlin on how he made the decision to play football in the nfl again,why this chip stock could be the next nvidia,schwarzenegger: 'no one gives a s--- about' climate change  rebrand the effort,debt limit bill would speed completion of west virginia gas pipeline,"market focus will shift back to earnings, says fundstrat's tom lee",theranos founder elizabeth holmes reports to prison to begin sentence,"stocks making the biggest moves midday: nvidia, tesla, coinbase and more",,,,,,,,,,,,,,,,,,,,,,,,,,
schwarzenegger: 'no one gives a s--- about' climate change  rebrand the effort,what is next with debt deal? wall street economists on bumps in the road ahead,,,,,,,,,,,,,,,,,,,,,,,,,,,,,,,,
"nvidia's ascent continues, while citi says buy j&j. here's our take on the news",goldman sachs is cutting jobs again amid wall street deals slump,tim scott pushes bill that would require disclosure of apps' country of origin,proposed debt ceiling deal would cut part of $80 billion irs funding,these companies are buying back their shares without using too much debt,chatgpt cited 'bogus' cases for a new york federal court filing,schwarzenegger: 'no one gives a s--- about' climate change  rebrand the effort,,,,,,,,,,,,,,,,,,,,,,,,,,,
nvidia crosses into $1 trillion market cap before giving back gains,,,,,,,,,,,,,,,,,,,,,,,,,,,,,,,,,
what damar hamlin thinks about fear and his decision to return to the nfl,,,,,,,,,,,,,,,,,,,,,,,,,,,,,,,,,
top 5 trending summer travel destinations 2023florida didn't make the list,coinbase stock pops after analyst upgrade. heres how the pros are reacting,how damar hamlin thinks about fear and his decision to return to the nfl,,,,,,,,,,,,,,,,,,,,,,,,,,,,,,,
"stocks making the biggest moves after hours: ambarella, box, hp and more","debt ceiling bill poised to clear key house committee, teeing up final vote",,,,,,,,,,,,,,,,,,,,,,,,,,,,,,,,
stock futures are little changed as traders await debt ceiling progress in washington: live updates,,,,,,,,,,,,,,,,,,,,,,,,,,,,,,,,,
ftc's lina khan presses ahead with sprawling antitrust plans amid gop opposition,hong kong stocks touch bear market territory as china reopening optimism fades,5 things to know before the stock market opens wednesday,cnbc daily open: the a.i. rally's too narrow,treasury yields fall as investors await debt ceiling deal vote,"a.i. poses human extinction risk on par with nuclear war, sam altman and others warn","american airlines raises profit forecast thanks to stronger demand, cheaper fuel","u.s. accuses chinese fighter jet of ""unnecessarily aggressive maneuver""",constellation vs. molson coors: here's which beer maker is the clear winner to buy,"stocks making the biggest moves premarket: advance auto parts, sofi & more",ecb's de guindos warns financial markets are vulnerable to a sharp sell-off,new study pegs the median age of the world's billionaires at 67,"advance auto parts shares plummet after dismal q1, cuts to outlook and dividend",mortgage demand drops to the lowest level in three months,british digital bank monzo hits monthly profitability for the first time after spike in lending,"elon musks visit underscores china's importance to global ev market, analysts say","debt ceiling bill clears key hurdle, teeing up final house vote",jim cramer's top 10 things to watch in the stock market wednesday,stock futures fall as traders await debt ceiling progress in washington,"north korea says its first spy satellite launch ends in failure, crashes into sea","wednesday's top analyst calls: apple, nvidia, chevron, amazon, avis, seaworld",what are retail shrink and organized retail theft?,very few u.s.-china flights are back despite the end of covid,drones attack russian oil refineries; medvedev says british officials aiding ukraine can be targets,europe markets dip ahead of house vote on u.s. debt ceiling; sbb down 16%,"goldman sachs says buy this theme park stock, sees more than 30% upside","advance auto parts shares plummet after dismal results, cuts to outlook and dividend",deutsche bank says this car rental company can surge more than 60%,"piper sandler hikes its microsoft price target, calls stock an 'a.i. all-star'",dimon calls for washington-beijing engagement in first china visit since 2021 controversy,norway's oil fund says firms mismanaging climate risk could face exclusion,"american express is a top pick in a recession, wells fargo says",amd shares jumped on the a.i. buzz. wall street weighs in on the stock's future,
"these are the top stocks to play the a.i. theme, goldman sachs tells clients","advance auto parts shares plummet 30% after dismal results, cuts to outlook and dividend",stocks fall as traders await house vote on debt ceiling,amazon workers plan to walk out over 'lack of trust' in leadership,the 7 most loved brands in america: apple and amazon just missed the cut,former new jersey gov. chris christie to launch presidential campaign next week,,,,,,,,,,,,,,,,,,,,,,,,,,,,
"biden, mccarthy work to shore up support for debt ceiling bill ahead of house vote",,,,,,,,,,,,,,,,,,,,,,,,,,,,,,,,,
dow slides 200 points as traders await house vote on debt ceiling,the most popular home projects don't have the best return on investment,39-year-old 'frugal' self-made millionaire: 5 things i refuse to spend my money and time on,we're adding to our position in this beverage retailer on a 15% pullback,psychologists share 4 tips to help your kids cope with grief,needham says this premium pasta sauce company could rally more than 20%,parents who raised 2 tech ceos: our no. 1 tip for raising highly successful kids,,,,,,,,,,,,,,,,,,,,,,,,,,,
how video games help this 14-year-old college graduate stay productive,"bitcoin falls ahead of debt ceiling vote, heads for first down month of the year",opposition grows to debt ceiling deal measure ending student loan payment pause,this under-the-radar real estate stock could be a winner of the a.i. boom,"family offices lift their exposure to bonds and emerging-market stocks, ubs says",,,,,,,,,,,,,,,,,,,,,,,,,,,,,
jpmorgan rejects claim that dimon and staley discussed epstein,air new zealand to weigh passengers before boarding international flights,mlb will broadcast san diego padres games after diamond sports stops payments,,,,,,,,,,,,,,,,,,,,,,,,,,,,,,,
doj sues son of wv gov. jim justice and his coal empire over unpaid fines,,,,,,,,,,,,,,,,,,,,,,,,,,,,,,,,,
openai is pursuing a new way to fight a.i. 'hallucinations',delta air lines hit with proposed class action over carbon neutral claims,why wall street is bracing for a near-term pullback in nvidia,"china's oppo debuts 'mixed reality' headset as apple, microsoft explore similar devices",stick with this mega-cap tech stock that still has room for outsized growth,director laura terruso didn't think her career was in the 'realm of possibility',"as retirement confidence drops, experts say focusing on 4 key decisions can help",ftc sues amazon's ring doorbell unit over privacy issues,bank of america's top a.i. winners in software stocks,dow slides more than 100 points as traders await house vote on debt ceiling,"stocks making the biggest moves midday: intel, c3.ai, hp and more","31-year-old started cbd business from home in hawaiiin 2022, brought in $100k",,,,,,,,,,,,,,,,,,,,,,
amazon's ring to pay ftc $5.8 million over privacy violations,'little mermaid' box office will say a lot about disney's live-action remake strategy,,,,,,,,,,,,,,,,,,,,,,,,,,,,,,,,
"amazon to pay over $30 million in ftc settlements over ring, alexa",'great resignation' trend defining pandemic-era labor market seems to be over,debt ceiling deal: opposition grows to ending student loan relief,"amazon to pay over $30 million in ftc settlements over ring, alexa privacy violations",morgan stanley's  best stock picks to play the transition to clean energy,,,,,,,,,,,,,,,,,,,,,,,,,,,,,
"opec+'s mixed messages, recession fears make it too early to buy our oil stocks",debt ceiling bill poised to pass the house as senate aims for a friday vote,dow slides as traders await house vote on debt ceiling,,,,,,,,,,,,,,,,,,,,,,,,,,,,,,,
"stocks slip as investors look to house vote on debt ceiling, nasdaq pops nearly 6% in may",morgan stanley's best stock picks to play the transition to clean energy,"nordstrom tops first-quarter sales expectations, even as shoppers spend less",salesforce bumps up full-year forecast but reports higher capital expenses than expected,dollar general shareholders pass proposal to improve worker safety,,,,,,,,,,,,,,,,,,,,,,,,,,,,,
"stocks making the biggest moves after hours: nordstrom, salesforce and more",american airlines to appeal ruling that would block jetblue partnership,"lucid announces $3 billion raise from saudi public wealth fund, stock offering",nvidia shares pull back after recent surge. heres what the pros have to say,this startup wants to curb fast fashion by helping you rent out your closet,crowdstrike shares tumble as revenue shows signs of slowing,debt ceiling bill advances to final house vote after mccarthy gets help from democrats,jpmorgan ceo dimon says other bank exec could have booted epstein,"strong job numbers, low layoffs show no major signs of a recession: economists",chewy shares surge after earnings beat on top and bottom lines,,,,,,,,,,,,,,,,,,,,,,,,
how inflation and higher interest rates have reshaped car buying for many americans,"moscow does not have a 'veto against nato enlargement,' nato's stoltenberg says",analysts are bailing on this auto parts retailer after a massive earnings miss,many walmart shoppers will soon see new packaging as retailer tries to cut waste,elon musk wrapped up his first visit to china in years. here's what went down,"opec excludes some wsj, reuters and bloomberg reporters from meeting",how inflation and interest rates have reshaped car buying for many americans,cnbc daily open: we made it through may  and maybe the debt ceiling too,macys slashes its full-year outlook even as earnings beat,"uae oil chief the perfect person to lead un talks, cop28 director general says",bofa says this little-known software stock can rally 80% on strong a.i. demand,why bots make it so hard to buy nikes,wage hikes may have been a key inflation driver. they may now be fueling layoffs,"firms are bringing production home thanks to war, china's slowdown  and tiktok",nigeria's new president vows to deliver economic reboot as he inherits 'a broken country',"americans say companies should support lgbtq+ community, glaad survey finds","debt ceiling bill passes in the house, advances to the senate days ahead of default deadline","private payrolls rose by 278,000 in may, well ahead of expectations, adp says","rbc upgrades chevron, says oil giant can navigate a volatile market","russian strike on kyiv kills 3, including a child; nato chief calls for ukraine security guarantees",euro zone inflation falls more than expected to 6.1% as core pressures ease,"10-year treasury yield rises after debt ceiling bill clears house, progresses to senate",alibaba begins rollout of its chatgpt-style tech as china a.i. race heats up,jpmorgan downgrades target as concerns for the retail giant mount,who does inflation hit hardest? experts weigh in,"thursday's top analyst calls: target, tesla, toast, chevron, meta, toll brothers",nvidia nears $1 trillion valuationwhat youd have if you invested a decade ago,"stocks making the biggest moves premarket: macy's, salesforce, dollar general",jim cramer's top 10 things to watch in the stock market thursday,"jpmorgan upgrades domino's, calling the pizza chain 'too cheap'",5 things to know before the stock market opens thursday,uaw union lays out lofty demands ahead of critical talks with detroit automakers,,
measuring inflation can be tricky and quirky. here are 3 examples,nvidia nears $1 trillion valuationwhat youd have if you invested a decade ago,meta quest 3 unveiled ahead of apple's planned vr headset debut,"uae oil chief the perfect person to lead un talks, cop28 director general says",how to invest ahead of market's next tests: top financial advisor,macys slashes its full-year outlook even as earnings beat,zuckerberg unveils meta quest 3 vr headset days before apple reveals its own,"crypto investors eye inflation, fed policy as bitcoin girds for summer doldrums",dollar general stock drops as 'challenging' economy drives dismal earnings report,,,,,,,,,,,,,,,,,,,,,,,,,
"meet david sacks, the friend of elon musk who could play kingmaker for ron desantis",trump was recorded acknowledging he kept classified doc after leaving office,biden agrees to end student loan payment pause as part of debt ceiling deal,heres how a.i.-backed tools can help with worker stress and mental health,schumer seeks to fast-track debt ceiling bill through senate,british pm rishi sunak says ukraine's rightful place is in nato,"japan is in a 'goldilocks' position, credit suisse says. here's how to play it","meet david sacks, the friend of musk who could play kingmaker for desantis",,,,,,,,,,,,,,,,,,,,,,,,,,
these are the 7 most hated brands in americaelon musk's twitter is no. 4,"this cloud stock is an a.i. winner despite near-term concerns, analysts say",,,,,,,,,,,,,,,,,,,,,,,,,,,,,,,,
"i left the u.s. for paris6 things french people do differently to live long, happy lives",are you the 'dwight' of your office? 3 signs you may be overstepping at work,,,,,,,,,,,,,,,,,,,,,,,,,,,,,,,,
"student loan payments will resume soon. thats bad news for retailers, says ubs","apple announces first major product since 2014: vision pro for $3,499",democrats warn musk after twitter safety execs leave,"morgan stanley says dont buy this breakout, a market correction is coming","bitcoin drops below $26,000 after sec sues crypto exchange binance","apple announces its first major product since 2014: the vision pro for $3,499","jamie dimon, americas top banker, has 'no plans to run for office",universal basic income could be coming to the u.k.  here's how and why,"bill gates' top books, tv shows and music for summer 2023","evercore isi raises market outlook, gives 'momentum masters' stocks to play it",a history of stocks with high price-to-sales ratios doesnt bode well for nvidia,,,,,,,,,,,,,,,,,,,,,,,
apple's vision pro headset will launch with disney+ streaming,unity stock jumps 17% on apple vision pro partnership,,,,,,,,,,,,,,,,,,,,,,,,,,,,,,,,
intel drops as apple moves to its own silicon on all computers,rfk jr.'s presidential bid gains boost from silicon valley elite,"watch this natural gas stock for more than 50% upside, morgan stanley says",a history of stocks with high price-to-sales ratios doesnt bode well for nvidia,sec sues binance and ceo changpeng zhao for u.s. securities violations,ivy league professor of popular 'monk class': how to be more resilient than most,"stocks making the biggest moves midday: palo alto, 3m, amedisys, target and more","here's everything apple just announced: vision pro headset, ios 17, the 15-inch macbook air and more",these retail stocks are cheap as the economy shows signs of strength,gm to invest more than $1 billion to produce new heavy-duty pickups,"jamie dimon, americas top banker, has 'no plans to run for office","student loan payments will resume soon. thats bad news for retailers, says ubs",formula one can rally nearly 40% thanks to favorable commercial rights deal,mike pence files paperwork to launch 2024 republican presidential campaign,how we feel about banks being required to pad rainy-day funds after svb failure,use this 401(k) investing strategy to calm your market jitters,cnn ceo chris licht apologizes to staff during internal monday morning call,s&p 500 closes slightly lower on monday after touching highest level since august,trump lawyers meet with doj after ex-president slams indictment speculation,cramer urges patience: 'it doesn't make a lot of sense to get in after the run',universal basic income could be coming to the u.k.  here's how and why,directors guild's deal with hollywood doesn't foreshadow an end to the writers strike,"morgan stanley says dont buy this breakout, a market correction is coming","yes, you can have a red-hot jobs market and a recession"
